	{
    "name": "Technic Discord",
    "icon": "minecraft:ender_eye",
    "category": "useful_links",
	"sortnum": 0,
    "pages": [
        {
            "type": "text",
            "text": "Technic's Discord server is available for general discussions, finding servers, news, and more."
        },
		{
            "type": "link",
            "text": "Click the link bellow for the Discord server invite.$(br2)Please make sure you are registered to Discord in order to join the server.$(br2) $(br2)           ⇩ ⇩ ⇩",
			"url": "https://bit.ly/Hexxit-II-Technic-Discord-Invite",
			"link_text": "Technic Discord"
        }
    ]
}
