{
  "entries": [
    {
      "item": "ic2:itemmisc|180",
      "emc": 2048
    },
    {
      "item": "ic2:itemmisc|55",
      "emc": 0
    },
    {
      "item": "ic2:itemmisc|50",
      "emc": 85
    },
    {
      "item": "buildcraftbuilders:quarry|0",
      "emc": 0
    },
    {
      "item": "buildcraftcore:engine|2",
      "emc": 0
    },
    {
      "item": "buildcraftcore:engine|1",
      "emc": 0
    },
    {
      "item": "buildcraftcore:engine|0",
      "emc": 0
    },
    {
      "item": "forestry:engine_peat|0",
      "emc": 0
    },
    {
      "item": "forestry:engine_biogas|0",
      "emc": 0
    },
    {
      "item": "forestry:engine_clockwork|0",
      "emc": 0
    },
    {
      "item": "forestry:engine_electrical|0",
      "emc": 0
    },
    {
      "item": "forestry:engine_generator|0",
      "emc": 0
    },
    {
      "item": "galacticraftcore:machine|0",
      "emc": 0
    },
    {
      "item": "chisel:basalt2|7",
      "emc": 1
    },
    {
      "item": "projectred-exploration:stone|4",
      "emc": 1
    },
    {
      "item": "projectred-exploration:stone|2",
      "emc": 1
    },
    {
      "item": "projectred-exploration:stone|3",
      "emc": 1
    },
    {
      "item": "chisel:marble2|7",
      "emc": 1
    },
    {
      "item": "projectred-exploration:stone|0",
      "emc": 1
    },
    {
      "item": "projectred-exploration:stone|1",
      "emc": 1
    },
    {
      "item": "chisel:limestone2|7",
      "emc": 1
    },
    {
      "item": "chisel:block_charcoal2|1",
      "emc": 288
    },
    {
      "item": "ic2:blockmetal|12",
      "emc": 288
    },
    {
      "item": "ic2:itemmisc|450",
      "emc": 0
    },
    {
      "item": "ic2:itemharz|0",
      "emc": 24
    },
    {
      "item": "projectred-core:resource_item|200",
      "emc": 1024
    },
    {
      "item": "projectred-core:resource_item|201",
      "emc": 1024
    },
    {
      "item": "projectred-core:resource_item|202",
      "emc": 1024
    },
    {
      "item": "cableflux:fec_1|0",
      "emc": 0
    },
    {
      "item": "cableflux:fec_2|0",
      "emc": 0
    },
    {
      "item": "cableflux:fec_3|0",
      "emc": 0
    },
    {
      "item": "fluxcables:cable_lv|0",
      "emc": 0
    },
    {
      "item": "fluxcables:cable_mv|0",
      "emc": 0
    },
    {
      "item": "fluxcables:cable_hv|0",
      "emc": 0
    }
  ]
}