{
	"recipes":
	[
		{
			"recipeType": "macerator",
			"outputs":
			[
				{
					"item": "minecraft:dye",
					"meta": 4,
					"amount": 16
				}
			],
			"input":
			{
				"inputType": "ore",
				"oreID": "oreNetherLapis"
			}
		},
		{
			"recipeType": "macerator",
			"outputs":
			[
				{
					"item": "minecraft:redstone",
					"meta": 0,
					"amount": 26
				}
			],
			"input":
			{
				"inputType": "ore",
				"oreID": "oreNetherRedstone"
			}
		},
		{
			"recipeType": "macerator",
			"outputs":
			[
				{
					"item": "minecraft:coal",
					"meta": 0,
					"amount": 5
				}
			],
			"input":
			{
				"inputType": "ore",
				"oreID": "oreNetherCoal"
			}
		}
	]
}