{
 "macerator": {
  "item.itemDustCoal_-49502216": true,
  "item.itemCharcoalDust_-49501069": true,
  "item.itemDustCoal_-1524973112": true,
  "item.itemDustCoal_-1355906326": true,
  "item.itemDustIron_-1519329283": true,
  "item.itemDustIron_-925593416": true,
  "item.itemDustIron_1988887414": true,
  "item.itemDustGold_-1521268860": true,
  "item.itemDustGold_-927532993": true,
  "item.redstone_1138723198": true,
  "item.itemDustSilver_702002035": true,
  "item.itemDustSilver_51519854": true,
  "item.itemDustCopper_-1088347003": true,
  "item.itemDustBronze_-1890926494": true,
  "item.itemDustCopper_-437864822": true,
  "item.itemDustTin_-618832302": true,
  "item.itemDustTin_331846253": true,
  "item.itemNetherrackDust_-85866501": true,
  "item.netherquartz_1623712433": true,
  "item.itemOreUran_-358476226": true,
  "item.itemCharcoalDust_743823622": true,
  "item.blazePowder_-1907842995": true,
  "item.itemGrinPowder_-603330264": true,
  "item.itemGrinPowder_-1837221814": true,
  "item.itemGrinPowder_1853807710": true,
  "item.string_1709888316": true,
  "tile.gravel_180601027": true,
  "tile.sand.default_290824741": true,
  "tile.sand.default_-1879665788": true,
  "tile.sand.red_868120721": true,
  "item.snowball_401593624": true,
  "item.itemDustClay_-135002324": true,
  "item.yellowDust_429922658": true,
  "item.dyePowder.white_-1479393026": true,
  "tile.dirt.default_7359474": true,
  "item.itemCoffeePowder_1988988288": true,
  "item.itemObsidianDust_1897319697": true,
  "item.itemFlour_-1538290412": true,
  "item.itemRawBioFiber_1989187680": true,
  "ic2exprecipe_Raw Firestone_": true,
  "ic2exprecipe_Copper Dust_": true,
  "ic2exprecipe_Tin Dust_": true,
  "ic2exprecipe_Iron Dust_": true,
  "ic2exprecipe_Gold Dust_": true,
  "ic2exprecipe_Silver Dust_": true,
  "ic2exprecipe_Crushed Obsidian_": true,
  "ic2exprecipe_Obsidian Dust_": true,
  "ic2exprecipe_Titanium Dust_": true,
  "ic2exprecipe_Titanium Dust__1": true,
  "ic2exprecipe_Titanium Dust__2": true,
  "ic2exprecipe_Crushed Aluminum Ore_": true,
  "ic2exprecipe_Crushed Aluminum Ore__1": true,
  "ic2exprecipe_Aluminum Dust_": true,
  "ic2exprecipe_Crushed Aluminum Ore__2": true,
  "ic2exprecipe_Copper Dust__1": true,
  "ic2exprecipe_Silver Dust__1": true,
  "ic2exprecipe_Tin Dust__1": true,
  "ic2exprecipe_Ruby_": true,
  "ic2exprecipe_Sapphire_": true,
  "ic2exprecipe_Peridot_": true,
  "ic2exprecipe_Electrotine_": true,
  "ic2exprecipe_Diamond_": true,
  "ic2exprecipe_Emerald_": true,
  "ic2exprecipe_Gold Dust__1": true,
  "ic2exprecipe_Iron Dust__1": true,
  "ic2exprecipe_Lapis Lazuli_": true,
  "ic2exprecipe_Redstone_": true,
  "ic2exprecipe_Aluminum Dust__1": true,
  "ic2exprecipe_Crushed Aluminum Ore__3": true,
  "ic2exprecipe_Copper Dust__2": true,
  "ic2exprecipe_Silver Dust__2": true,
  "ic2exprecipe_Tin Dust__2": true,
  "ic2exprecipe_Ruby__1": true,
  "ic2exprecipe_Sapphire__1": true,
  "ic2exprecipe_Peridot__1": true,
  "ic2exprecipe_Electrotine__1": true,
  "ic2exprecipe_Diamond__1": true,
  "ic2exprecipe_Emerald__1": true,
  "ic2exprecipe_Gold Dust__2": true,
  "ic2exprecipe_Iron Dust__2": true,
  "ic2exprecipe_Lapis Lazuli__1": false,
  "ic2exprecipe_Redstone__1": false,
  "item.projectred.core.itemResource.electrotine_dust_-1694037871": true,
  "item.railcraft.dust.sulfur_-1869167416": true,
  "item.railcraft.dust.saltpeter_907682254": true,
  "item.ic2compat.dust_alu_-1565891582": true,
  "item.ic2compat.dust_alu_457594381": true,
  "item.ic2compat.dust_alu_385957693": true,
  "item.dust_titanium_1413909970": true,
  "item.itemDustCoal_-931237245": true,
  "item.ic2compat.dust_alu_835379762": true,
  "item.teslacorelib.powder_diamond_800314541": true,
  "item.teslacorelib.powder_emerald_-2124055891": true,
  "ic2exprecipe_Forcicium_": false,
  "item.modularforcefieldsystem:forcicium_-584000329": false
 },
 "extractor": {
  "item.coal_764578481": true,
  "item.dyePowder.blue_749691996": true,
  "item.diamond_1399568853": true,
  "item.emerald_-1524801579": true,
  "item.itemRubber_423644248": true,
  "item.itemRubber_-140850560": true,
  "item.itemRubber_443969768": true,
  "item.netherquartz_1623712433": true,
  "item.flint_880385219": true,
  "item.itemDynamite_-1026852414": true,
  "item.itemCellBioRef_1988938688": true,
  "item.itemCellBioRef_1003098307": true,
  "item.itemCellCoalRef_1988936704": true,
  "item.itemCellHydrant_1879541949": true,
  "ScrapboxUnpacking": true,
  "item.dyePowder.yellow_2028315520": true,
  "item.dyePowder.red_1526347303": true,
  "item.dyePowder.lightBlue_1526348605": true,
  "item.dyePowder.magenta_1526349597": true,
  "item.dyePowder.silver_1526350372": true,
  "item.dyePowder.red_1526351147": true,
  "item.dyePowder.orange_1526352511": true,
  "item.dyePowder.silver_1526353255": true,
  "item.dyePowder.pink_1526354278": true,
  "item.dyePowder.silver_1526355177": true,
  "item.dyePowder.yellow_1192533033": true,
  "item.dyePowder.magenta_1192534056": true,
  "item.dyePowder.red_1192536567": true,
  "item.dyePowder.pink_1192537776": true,
  "item.dyePowder.red_-405206020": true
 },
 "compressor": {
  "tile.sandStone.default_1494879518": true,
  "tile.redSandStone.default_2137708081": true,
  "tile.netherBrick_-248922228": true,
  "tile.ice_-38485878": true,
  "tile.icePacked_-564697894": true,
  "item.blazeRod_853245877": true,
  "item.snowball_1648449263": true,
  "item.itemIngotUran_751381032": true,
  "item.itemPartDCP_-1088339036": true,
  "item.itemFuelPlantCmpr_1989183712": true,
  "item.itemFuelCoalCmpr_1988854120": true,
  "item.itemFuelCoalCmpr_1988859886": true,
  "item.itemCellAir_1003095300": true,
  "item.itemCompressedBioBall_1989187711": true,
  "tile.blockMiningPipe_1781809032": true,
  "item.itemDeadMagnet_1989095424": true,
  "item.itemPartCarbonPlate_1989089472": true,
  "item.itemPartCoalBlock_1989084512": true,
  "item.itemPartIndustrialDiamond_1989086496": true,
  "item.scrapMetalChunk_1989038942": true,
  "item.itemObsidianBlade_1989136096": true,
  "item.itemPartAlloy_1988898264": true,
  "item.itemPartPellet_7915127": true,
  "item.potion_441693419": true,
  "item.iridiumIngot_-610845883": true,
  "ic2exprecipe_Titanium Dust_": true,
  "pipeSealant": true
 },
 "massfabricatorAmplifier": {
  "ScrapAmplifier": true,
  "ScrapboxAmplifier": true,
  "ScrapMetalAmplifier": true,
  "ForciciumAmplification": true
 },
 "electrolyzer": {
  "ElectrolyizingWater": true,
  "Magnetizing": true
 },
 "recycler": {
  "compostingFlesh": true,
  "horserArmorRecyclingIron": true,
  "horserArmorRecyclingGold": true,
  "horserArmorRecyclingDiamond": true,
  "minecartRecycling": true,
  "axeReyclingdiamond": true,
  "pickaxeReyclingdiamond": true,
  "shovelReyclingdiamond": true,
  "hoeReyclingdiamond": true,
  "swordReyclingdiamond": true,
  "helmetReyclingdiamond": true,
  "chestplateReyclingdiamond": true,
  "leggingsReyclingdiamond": true,
  "bootsReyclingdiamond": true,
  "axeReyclingiron": true,
  "pickaxeReyclingiron": true,
  "shovelReyclingiron": true,
  "hoeReyclingiron": true,
  "swordReyclingiron": true,
  "helmetReyclingiron": true,
  "chestplateReyclingiron": true,
  "leggingsReyclingiron": true,
  "bootsReyclingiron": true,
  "axeReyclinggold": true,
  "pickaxeReyclinggold": true,
  "shovelReyclinggold": true,
  "hoeReyclinggold": true,
  "swordReyclinggold": true,
  "helmetReyclinggold": true,
  "chestplateReyclinggold": true,
  "leggingsReyclinggold": true,
  "bootsReyclinggold": true,
  "axeScrappingiron": true,
  "pickaxeScrappingiron": true,
  "shovelScrappingiron": true,
  "hoeScrappingiron": true,
  "swordScrappingiron": true,
  "helmetScrappingiron": true,
  "chestplateScrappingiron": true,
  "leggingsScrappingiron": true,
  "bootsScrappingiron": true,
  "axeScrappinggold": true,
  "pickaxeScrappinggold": true,
  "shovelScrappinggold": true,
  "hoeScrappinggold": true,
  "swordScrappinggold": true,
  "helmetScrappinggold": true,
  "chestplateScrappinggold": true,
  "leggingsScrappinggold": true,
  "bootsScrappinggold": true,
  "leatherReworkingBoots": true,
  "leatherReworkingLeggings": true,
  "leatherReworkingChest": true,
  "leatherReworkingHelmet": true,
  "RareEarthRycling": true,
  "ingotRecycling_ingotIron": true,
  "ingotRecycling_ingotGold": true,
  "ingotRecycling_ingotRedAlloy": true,
  "ingotRecycling_ingotCopper": true,
  "ingotRecycling_ingotTin": true,
  "ingotRecycling_ingotSilver": true,
  "ingotRecycling_ingotElectrotineAlloy": true,
  "ingotRecycling_ingotBronze": true,
  "ingotRecycling_ingotRefinedIron": true,
  "ingotRecycling_ingotUranium": true,
  "ingotRecycling_ingotEnrichedUranium": true,
  "ingotRecycling_ingotSteel": true,
  "ingotRecycling_ingotLead": true,
  "ingotRecycling_ingotNickel": true,
  "ingotRecycling_ingotInvar": true,
  "ingotRecycling_ingotZinc": true,
  "ingotRecycling_ingotBrass": true,
  "ingotRecycling_ingotAluminum": true,
  "ingotRecycling_ingotMeteoricIron": true,
  "ingotRecycling_ingotPlatinum": true,
  "ingotRecycling_ingotTitanium": true,
  "ingotRecycling_ingotTungsten": true,
  "ingotRecycling_ingotCoal": true,
  "ingotRecycling_ingotYellorium": true,
  "ingotRecycling_ingotBlutonium": true,
  "ingotRecycling_ingotCyanite": true,
  "ingotRecycling_ingotAluminium": true,
  "ingotRecycling_ingotNaturalAluminum": true,
  "ingotRecycling_ingotDesh": true
 },
 "sawmill": {
  "tile.wood.oak_-867074482": true,
  "tile.wood.spruce_-867073490": true,
  "tile.wood.birch_-867072498": true,
  "tile.wood.jungle_-867071506": true,
  "tile.wood.acacia_570963040": true,
  "tile.wood.big_oak_570964032": true,
  "tile.for.planks.0_214062307": true,
  "tile.for.planks.0_214063299": true,
  "tile.for.planks.0_214064291": true,
  "tile.for.planks.0_214065283": true,
  "tile.for.planks.0_214092222": true,
  "tile.for.planks.0_214093214": true,
  "tile.for.planks.0_214094206": true,
  "tile.for.planks.0_214095198": true,
  "tile.for.planks.0_214122137": true,
  "tile.for.planks.0_214123129": true,
  "tile.for.planks.0_214124121": true,
  "tile.for.planks.0_214125113": true,
  "tile.for.planks.0_214152052": true,
  "tile.for.planks.0_214153044": true,
  "tile.for.planks.0_214154036": true,
  "tile.for.planks.0_214155028": true,
  "tile.for.planks.1_214182432": true,
  "tile.for.planks.1_214183424": true,
  "tile.for.planks.1_214184416": true,
  "tile.for.planks.1_214185408": true,
  "tile.for.planks.1_214212347": true,
  "tile.for.planks.1_214213339": true,
  "tile.for.planks.1_214214331": true,
  "tile.for.planks.1_214215323": true,
  "tile.for.planks.1_214242262": true,
  "tile.for.planks.1_214243254": true,
  "tile.for.planks.1_214244246": true,
  "tile.for.planks.1_214245238": true,
  "tile.for.planks.1_214272177": true,
  "tile.for.planks.fireproof.0_-847190429": true,
  "tile.for.planks.fireproof.0_-847189437": true,
  "tile.for.planks.fireproof.0_-847187453": true,
  "tile.for.planks.fireproof.0_-847160514": true,
  "tile.for.planks.fireproof.0_-847159522": true,
  "tile.for.planks.fireproof.0_-847158530": true,
  "tile.for.planks.fireproof.0_-847157538": true,
  "tile.for.planks.fireproof.0_-847130599": true,
  "tile.for.planks.fireproof.0_-847129607": true,
  "tile.for.planks.fireproof.0_-847128615": true,
  "tile.for.planks.fireproof.0_-847127623": true,
  "tile.for.planks.fireproof.0_-847100684": true,
  "tile.for.planks.fireproof.0_-847099692": true,
  "tile.for.planks.fireproof.0_-847098700": true,
  "tile.for.planks.fireproof.0_-847097708": true,
  "tile.for.planks.fireproof.1_-847070304": true,
  "tile.for.planks.fireproof.1_-847069312": true,
  "tile.for.planks.fireproof.1_-847068320": true,
  "tile.for.planks.fireproof.1_-847067328": true,
  "tile.for.planks.fireproof.1_-847040389": true,
  "tile.for.planks.fireproof.1_-847039397": true,
  "tile.for.planks.fireproof.1_-847038405": true,
  "tile.for.planks.fireproof.1_-847037413": true,
  "tile.for.planks.fireproof.1_-847010474": true,
  "tile.for.planks.fireproof.1_-847009482": true,
  "tile.for.planks.fireproof.1_-847008490": true,
  "tile.for.planks.fireproof.1_-847007498": true,
  "tile.for.planks.fireproof.1_-846980559": true,
  "tile.for.planks.vanilla.fireproof.0_-1696014845": true,
  "tile.for.planks.vanilla.fireproof.0_-1696013853": true,
  "tile.for.planks.vanilla.fireproof.0_-1696012861": true,
  "tile.for.planks.vanilla.fireproof.0_-1696011869": true,
  "tile.for.planks.vanilla.fireproof.0_-1695984930": true,
  "tile.for.planks.vanilla.fireproof.0_-1695983938": true,
  "tile.planks.0_-1525320509": true,
  "tile.planks.0_-1525319517": true,
  "tile.planks.0_-1525318525": true,
  "tile.planks.0_-1525317533": true,
  "tile.planks.0_-1525290594": true,
  "tile.planks.0_-1525289602": true,
  "tile.planks.0_-1525288610": true,
  "tile.planks.0_-1525287618": true,
  "tile.planks.0_-1525260679": true,
  "tile.planks.0_-1525259687": true,
  "tile.planks.0_-1525258695": true,
  "tile.planks.0_-1525257703": true,
  "tile.planks.0_-1525230764": true,
  "tile.planks.0_-1525229772": true,
  "tile.planks.0_-1525228780": true,
  "tile.planks.0_-1525227788": true,
  "tile.planks.1_-1525200384": true,
  "tile.planks.1_-1525199392": true,
  "tile.planks.1_-1525198400": true,
  "tile.planks.1_-1525197408": true,
  "tile.planks.1_-1525170469": true,
  "tile.planks.1_-1525169477": true,
  "tile.planks.1_-1525168485": true,
  "tile.planks.1_-1525167493": true,
  "tile.planks.1_-1525140554": true,
  "tile.planks.1_-1525139562": true,
  "tile.planks.1_-1525138570": true,
  "tile.planks.1_-1525137578": true,
  "tile.planks.1_-1525110639": true,
  "tile.planks.1_-1525109647": true,
  "tile.planks.1_-1525108655": true,
  "tile.planks.1_-1525107663": true,
  "tile.planks.2_-1525079267": true,
  "tile.planks.2_-1525078275": true,
  "tile.planks.2_-1525077283": true,
  "tile.planks.2_-1525049507": true,
  "tile.for.planks.0_5700718": true,
  "tile.wood.jungle_-1840249200": true,
  "tile.planks.fireproof.0_1708394051": true,
  "tile.planks.fireproof.0_1708395043": true,
  "tile.planks.fireproof.0_1708396035": true,
  "tile.planks.fireproof.0_1708397027": true,
  "tile.planks.fireproof.0_1708423966": true,
  "tile.planks.fireproof.0_1708424958": true,
  "tile.planks.fireproof.0_1708425950": true,
  "tile.planks.fireproof.0_1708426942": true,
  "tile.planks.fireproof.0_1708453881": true,
  "tile.planks.fireproof.0_1708454873": true,
  "tile.planks.fireproof.0_1708455865": true,
  "tile.planks.fireproof.0_1708456857": true,
  "tile.planks.fireproof.0_1708483796": true,
  "tile.planks.fireproof.0_1708484788": true,
  "tile.planks.fireproof.0_1708485780": true,
  "tile.planks.fireproof.0_1708486772": true,
  "tile.planks.fireproof.1_1708514176": true,
  "tile.planks.fireproof.1_1708515168": true,
  "tile.planks.fireproof.1_1708516160": true,
  "tile.planks.fireproof.1_1708517152": true,
  "tile.planks.fireproof.1_1708544091": true,
  "tile.planks.fireproof.1_1708545083": true,
  "tile.planks.fireproof.1_1708546075": true,
  "tile.planks.fireproof.1_1708547067": true,
  "tile.planks.fireproof.1_1708574006": true,
  "tile.planks.fireproof.1_1708574998": true,
  "tile.planks.fireproof.1_1708575990": true,
  "tile.planks.fireproof.1_1708576982": true,
  "tile.planks.fireproof.1_1708603921": true,
  "tile.planks.fireproof.1_1708604913": true,
  "tile.planks.fireproof.1_1708605905": true,
  "tile.planks.fireproof.1_1708606897": true,
  "tile.planks.fireproof.2_1708635293": true,
  "tile.planks.fireproof.2_1708636285": true,
  "tile.planks.fireproof.2_1708637277": true,
  "tile.planks.fireproof.2_1708665053": true,
  "tile.for.planks.fireproof.0_-1055552018": true,
  "tile.for.planks.vanilla.fireproof.0_-1970954232": true,
  "tile.wood.oak_To_Sticks_-1415703904": true,
  "tile.wood.spruce_To_Sticks_-1415702943": true,
  "tile.wood.birch_To_Sticks_-1415701982": true,
  "tile.wood.jungle_To_Sticks_-1415701021": true,
  "tile.wood.acacia_To_Sticks_-1415700060": true,
  "tile.wood.big_oak_To_Sticks_-1415699099": true,
  "tile.for.planks.0_To_Sticks_-25813035": true,
  "tile.for.planks.0_To_Sticks_-25812074": true,
  "tile.for.planks.0_To_Sticks_-25811113": true,
  "tile.for.planks.0_To_Sticks_-25810152": true,
  "tile.for.planks.0_To_Sticks_-25809191": true,
  "tile.for.planks.0_To_Sticks_-25808230": true,
  "tile.for.planks.0_To_Sticks_-25807269": true,
  "tile.for.planks.0_To_Sticks_-25806308": true,
  "tile.for.planks.0_To_Sticks_-25805347": true,
  "tile.for.planks.0_To_Sticks_-25804386": true,
  "tile.for.planks.0_To_Sticks_-25803425": true,
  "tile.for.planks.0_To_Sticks_-25802464": true,
  "tile.for.planks.0_To_Sticks_-25801503": true,
  "tile.for.planks.0_To_Sticks_-25800542": true,
  "tile.for.planks.0_To_Sticks_-25799581": true,
  "tile.for.planks.0_To_Sticks_-25798620": true,
  "tile.for.planks.1_To_Sticks_-25783244": true,
  "tile.for.planks.1_To_Sticks_-25782283": true,
  "tile.for.planks.1_To_Sticks_-25781322": true,
  "tile.for.planks.1_To_Sticks_-25780361": true,
  "tile.for.planks.1_To_Sticks_-25779400": true,
  "tile.for.planks.1_To_Sticks_-25778439": true,
  "tile.for.planks.1_To_Sticks_-25777478": true,
  "tile.for.planks.1_To_Sticks_-25776517": true,
  "tile.for.planks.1_To_Sticks_-25775556": true,
  "tile.for.planks.1_To_Sticks_-25774595": true,
  "tile.for.planks.1_To_Sticks_-25773634": true,
  "tile.for.planks.1_To_Sticks_-25772673": true,
  "tile.for.planks.1_To_Sticks_-25771712": true,
  "tile.for.planks.fireproof.0_To_Sticks_2000284853": true,
  "tile.for.planks.fireproof.0_To_Sticks_2000285814": true,
  "tile.for.planks.fireproof.0_To_Sticks_2000287736": true,
  "tile.for.planks.fireproof.0_To_Sticks_2000288697": true,
  "tile.for.planks.fireproof.0_To_Sticks_2000289658": true,
  "tile.for.planks.fireproof.0_To_Sticks_2000290619": true,
  "tile.for.planks.fireproof.0_To_Sticks_2000291580": true,
  "tile.for.planks.fireproof.0_To_Sticks_2000292541": true,
  "tile.for.planks.fireproof.0_To_Sticks_2000293502": true,
  "tile.for.planks.fireproof.0_To_Sticks_2000294463": true,
  "tile.for.planks.fireproof.0_To_Sticks_2000295424": true,
  "tile.for.planks.fireproof.0_To_Sticks_2000296385": true,
  "tile.for.planks.fireproof.0_To_Sticks_2000297346": true,
  "tile.for.planks.fireproof.0_To_Sticks_2000298307": true,
  "tile.for.planks.fireproof.0_To_Sticks_2000299268": true,
  "tile.for.planks.fireproof.1_To_Sticks_2000314644": true,
  "tile.for.planks.fireproof.1_To_Sticks_2000315605": true,
  "tile.for.planks.fireproof.1_To_Sticks_2000316566": true,
  "tile.for.planks.fireproof.1_To_Sticks_2000317527": true,
  "tile.for.planks.fireproof.1_To_Sticks_2000318488": true,
  "tile.for.planks.fireproof.1_To_Sticks_2000319449": true,
  "tile.for.planks.fireproof.1_To_Sticks_2000320410": true,
  "tile.for.planks.fireproof.1_To_Sticks_2000321371": true,
  "tile.for.planks.fireproof.1_To_Sticks_2000322332": true,
  "tile.for.planks.fireproof.1_To_Sticks_2000323293": true,
  "tile.for.planks.fireproof.1_To_Sticks_2000324254": true,
  "tile.for.planks.fireproof.1_To_Sticks_2000325215": true,
  "tile.for.planks.fireproof.1_To_Sticks_2000326176": true,
  "tile.for.planks.vanilla.fireproof.0_To_Sticks_-607398264": true,
  "tile.for.planks.vanilla.fireproof.0_To_Sticks_-607397303": true,
  "tile.for.planks.vanilla.fireproof.0_To_Sticks_-607396342": true,
  "tile.for.planks.vanilla.fireproof.0_To_Sticks_-607395381": true,
  "tile.for.planks.vanilla.fireproof.0_To_Sticks_-607394420": true,
  "tile.for.planks.vanilla.fireproof.0_To_Sticks_-607393459": true,
  "tile.planks.0_To_Sticks_-234445130": true,
  "tile.planks.0_To_Sticks_-234444169": true,
  "tile.planks.0_To_Sticks_-234443208": true,
  "tile.planks.0_To_Sticks_-234442247": true,
  "tile.planks.0_To_Sticks_-234441286": true,
  "tile.planks.0_To_Sticks_-234440325": true,
  "tile.planks.0_To_Sticks_-234439364": true,
  "tile.planks.0_To_Sticks_-234438403": true,
  "tile.planks.0_To_Sticks_-234437442": true,
  "tile.planks.0_To_Sticks_-234436481": true,
  "tile.planks.0_To_Sticks_-234435520": true,
  "tile.planks.0_To_Sticks_-234434559": true,
  "tile.planks.0_To_Sticks_-234433598": true,
  "tile.planks.0_To_Sticks_-234432637": true,
  "tile.planks.0_To_Sticks_-234431676": true,
  "tile.planks.0_To_Sticks_-234430715": true,
  "tile.planks.1_To_Sticks_-234415339": true,
  "tile.planks.1_To_Sticks_-234414378": true,
  "tile.planks.1_To_Sticks_-234413417": true,
  "tile.planks.1_To_Sticks_-234412456": true,
  "tile.planks.1_To_Sticks_-234411495": true,
  "tile.planks.1_To_Sticks_-234410534": true,
  "tile.planks.1_To_Sticks_-234409573": true,
  "tile.planks.1_To_Sticks_-234408612": true,
  "tile.planks.1_To_Sticks_-234407651": true,
  "tile.planks.1_To_Sticks_-234406690": true,
  "tile.planks.1_To_Sticks_-234405729": true,
  "tile.planks.1_To_Sticks_-234404768": true,
  "tile.planks.1_To_Sticks_-234403807": true,
  "tile.planks.1_To_Sticks_-234402846": true,
  "tile.planks.1_To_Sticks_-234401885": true,
  "tile.planks.1_To_Sticks_-234400924": true,
  "tile.planks.2_To_Sticks_-234384587": true,
  "tile.planks.2_To_Sticks_-234383626": true,
  "tile.planks.2_To_Sticks_-234382665": true,
  "tile.planks.2_To_Sticks_-234385548": true,
  "tile.for.planks.0_To_Sticks_-25798620_1": true,
  "tile.wood.jungle_To_Sticks_-1415701021_1": true,
  "tile.planks.fireproof.0_To_Sticks_1791652758": true,
  "tile.planks.fireproof.0_To_Sticks_1791653719": true,
  "tile.planks.fireproof.0_To_Sticks_1791654680": true,
  "tile.planks.fireproof.0_To_Sticks_1791655641": true,
  "tile.planks.fireproof.0_To_Sticks_1791656602": true,
  "tile.planks.fireproof.0_To_Sticks_1791657563": true,
  "tile.planks.fireproof.0_To_Sticks_1791658524": true,
  "tile.planks.fireproof.0_To_Sticks_1791659485": true,
  "tile.planks.fireproof.0_To_Sticks_1791660446": true,
  "tile.planks.fireproof.0_To_Sticks_1791661407": true,
  "tile.planks.fireproof.0_To_Sticks_1791662368": true,
  "tile.planks.fireproof.0_To_Sticks_1791663329": true,
  "tile.planks.fireproof.0_To_Sticks_1791664290": true,
  "tile.planks.fireproof.0_To_Sticks_1791665251": true,
  "tile.planks.fireproof.0_To_Sticks_1791666212": true,
  "tile.planks.fireproof.0_To_Sticks_1791667173": true,
  "tile.planks.fireproof.1_To_Sticks_1791682549": true,
  "tile.planks.fireproof.1_To_Sticks_1791683510": true,
  "tile.planks.fireproof.1_To_Sticks_1791684471": true,
  "tile.planks.fireproof.1_To_Sticks_1791685432": true,
  "tile.planks.fireproof.1_To_Sticks_1791686393": true,
  "tile.planks.fireproof.1_To_Sticks_1791687354": true,
  "tile.planks.fireproof.1_To_Sticks_1791688315": true,
  "tile.planks.fireproof.1_To_Sticks_1791689276": true,
  "tile.planks.fireproof.1_To_Sticks_1791690237": true,
  "tile.planks.fireproof.1_To_Sticks_1791691198": true,
  "tile.planks.fireproof.1_To_Sticks_1791692159": true,
  "tile.planks.fireproof.1_To_Sticks_1791693120": true,
  "tile.planks.fireproof.1_To_Sticks_1791694081": true,
  "tile.planks.fireproof.1_To_Sticks_1791695042": true,
  "tile.planks.fireproof.1_To_Sticks_1791696003": true,
  "tile.planks.fireproof.1_To_Sticks_1791696964": true,
  "tile.planks.fireproof.2_To_Sticks_1791713301": true,
  "tile.planks.fireproof.2_To_Sticks_1791714262": true,
  "tile.planks.fireproof.2_To_Sticks_1791715223": true,
  "tile.planks.fireproof.2_To_Sticks_1791712340": true,
  "tile.for.planks.fireproof.0_To_Sticks_2000299268_1": true,
  "tile.for.planks.vanilla.fireproof.0_To_Sticks_-607395381_1": true,
  "tile.log.jungle_-1814706450": true,
  "item.melon_-1083706285": true
 }
}